caseName,groupNum,m,n,k,baseM,baseN,baseK,kAL1,kBL1,scaleKAL1,scaleKBL1,dbL0C,l1BufferStage,dtype,scaleAlg,dstTypeMax,groupList
gmmaq_mxfp8_e4m3_single_group,1,16,32,64,16,32,64,64,64,64,64,1,2,mxfp8_e4m3,1,0,16
gmmaq_mxfp8_e4m3_length,2,16,64,64,16,64,64,64,64,64,64,1,2,mxfp8_e4m3,1,0,16;16
gmmaq_mxfp8_e4m3_four_groups_l1_3,4,32,128,64,16,128,64,64,64,64,64,2,3,mxfp8_e4m3,1,0,32;32;32;32
gmmaq_mxfp8_e4m3_tail_m,3,24,96,64,16,64,64,64,64,64,64,2,2,mxfp8_e4m3,1,0,24;24;24
gmmaq_mxfp4_e2m1_single_group,1,16,64,64,16,64,64,64,64,64,64,1,2,mxfp4_e2m1,2,0,16
gmmaq_mxfp4_e2m1_length,2,16,64,64,16,64,64,64,64,64,64,1,2,mxfp4_e2m1,2,6,16;16
gmmaq_mxfp4_e2m1_four_groups_l1_3,4,16,128,64,16,128,64,64,64,64,64,2,3,mxfp4_e2m1,2,6,16;16;16;16
gmmaq_mxfp4_e2m1_dst_type_max_9,2,24,192,64,16,192,64,64,64,64,64,2,2,mxfp4_e2m1,2,9,24;24
gmmaq_mxfp4_e2m1_dst_type_max_12,2,16,256,64,16,256,64,64,64,64,64,2,2,mxfp4_e2m1,2,12,16;16
